{
  "name": "cookie",
  "version": "1.3.1",
  "title":  "jQuery Cookie",
  "description": "A simple, lightweight jQuery plugin for reading, writing and deleting cookies.",
  "author": {
    "name": "Klaus Hartl",
    "url": "https://github.com/carhartl"
  },
  "maintainers": [
    {
      "name": "Fagner Martins",
      "url": "https://github.com/FagnerMartinsBrack"
    }
  ],
  "licenses": [
    {
      "type": "MIT",
      "url": "https://raw.github.com/carhartl/jquery-cookie/master/MIT-LICENSE.txt"
    }
  ],
  "dependencies": {
    "jquery": ">=1.0"
  },
  "bugs": "https://github.com/carhartl/jquery-cookie/issues",
  "homepage": "https://github.com/carhartl/jquery-cookie",
  "docs": "https://github.com/carhartl/jquery-cookie#readme"
}
